{"v":"5.5.7","meta":{"g":"LottieFiles AE 0.1.20","a":"","k":"","d":"","tc":""},"fr":60,"ip":0,"op":211,"w":1200,"h":1200,"nm":"Logo animation","ddd":0,"assets":[{"id":"comp_0","layers":[{"ddd":0,"ind":1,"ty":4,"nm":"magic2","sr":1,"ks":{"o":{"a":0,"k":100,"ix":11},"r":{"a":0,"k":0,"ix":10},"p":{"a":0,"k":[72.625,268.236,0],"ix":2},"a":{"a":0,"k":[-101.625,18.486,0],"ix":1},"s":{"a":0,"k":[154.884,154.884,100],"ix":6}},"ao":0,"shapes":[{"ty":"gr","it":[{"ind":0,"ty":"sh","ix":1,"ks":{"a":0,"k":{"i":[[0,0],[-24.212,0],[-75.838,104.897]],"o":[[37.77,2.582],[47.137,0],[34.542,-47.778]],"v":[[-92.667,54.49],[-10.347,-56.561],[133.31,41.577]],"c":false},"ix":2},"nm":"Path 1","mn":"ADBE Vector Shape - Group","hd":false},{"ty":"st","c":{"a":0,"k":[0.980392216701,0.125490196078,0.968627510819,1],"ix":3},"o":{"a":0,"k":100,"ix":4},"w":{"a":0,"k":2,"ix":5},"lc":1,"lj":1,"ml":4,"bm":0,"nm":"Stroke 1","mn":"ADBE Vector Graphic - Stroke","hd":false},{"ty":"tr","p":{"a":0,"k":[0,0],"ix":2},"a":{"a":0,"k":[0,0],"ix":1},"s":{"a":0,"k":[100,100],"ix":3},"r":{"a":0,"k":0,"ix":6},"o":{"a":0,"k":100,"ix":7},"sk":{"a":0,"k":0,"ix":4},"sa":{"a":0,"k":0,"ix":5},"nm":"Transform"}],"nm":"Shape 10","np":3,"cix":2,"bm":0,"ix":1,"mn":"ADBE Vector Group","hd":false},{"ty":"tm","s":{"a":1,"k":[{"i":{"x":[0.4],"y":[1]},"o":{"x":[0.167],"y":[0]},"t":20,"s":[0]},{"i":{"x":[0.833],"y":[1]},"o":{"x":[0.167],"y":[0]},"t":28,"s":[0]},{"i":{"x":[0.4],"y":[1]},"o":{"x":[0.167],"y":[0.167]},"t":200,"s":[0]},{"t":210,"s":[10]}],"ix":1},"e":{"a":1,"k":[{"i":{"x":[0.4],"y":[1]},"o":{"x":[0.167],"y":[0.167]},"t":20,"s":[0]},{"i":{"x":[0.833],"y":[1]},"o":{"x":[0.167],"y":[0]},"t":28,"s":[10]},{"i":{"x":[0.4],"y":[1]},"o":{"x":[0.167],"y":[0]},"t":200,"s":[10]},{"t":210,"s":[10]}],"ix":2},"o":{"a":1,"k":[{"i":{"x":[0.4],"y":[1]},"o":{"x":[0.4],"y":[0]},"t":20,"s":[0]},{"t":205,"s":[360]}],"ix":3},"m":2,"ix":2,"nm":"Trim Paths 1","mn":"ADBE Vector Filter - Trim","hd":false}],"ip":0,"op":600,"st":0,"bm":0},{"ddd":0,"ind":2,"ty":4,"nm":"magic1","sr":1,"ks":{"o":{"a":0,"k":100,"ix":11},"r":{"a":0,"k":0,"ix":10},"p":{"a":0,"k":[72.625,268.236,0],"ix":2},"a":{"a":0,"k":[-101.625,18.486,0],"ix":1},"s":{"a":0,"k":[154.884,154.884,100],"ix":6}},"ao":0,"shapes":[{"ty":"gr","it":[{"ind":0,"ty":"sh","ix":1,"ks":{"a":0,"k":{"i":[[0,0],[1.669,-12.604],[-16.035,32.995],[-12.429,19.484]],"o":[[0,0],[-1.339,10.11],[9.052,-18.627],[0,0]],"v":[[-105.833,8.572],[-119.516,17.489],[-84.125,7],[-55.219,-51.585]],"c":false},"ix":2},"nm":"Path 1","mn":"ADBE Vector Shape - Group","hd":false},{"ty":"st","c":{"a":0,"k":[0.095117022944,0.856950707529,0.970196054496,1],"ix":3},"o":{"a":0,"k":100,"ix":4},"w":{"a":0,"k":2,"ix":5},"lc":2,"lj":2,"bm":0,"nm":"Stroke 1","mn":"ADBE Vector Graphic - Stroke","hd":false},{"ty":"tr","p":{"a":0,"k":[0,0],"ix":2},"a":{"a":0,"k":[0,0],"ix":1},"s":{"a":0,"k":[100,97.757],"ix":3},"r":{"a":0,"k":0,"ix":6},"o":{"a":0,"k":100,"ix":7},"sk":{"a":0,"k":0,"ix":4},"sa":{"a":0,"k":0,"ix":5},"nm":"Transform"}],"nm":"Shape 1","np":3,"cix":2,"bm":0,"ix":1,"mn":"ADBE Vector Group","hd":false},{"ty":"gr","it":[{"ind":0,"ty":"sh","ix":1,"ks":{"a":0,"k":{"i":[[0,0],[8.716,12.913],[-18.885,8.716],[-2.878,-3.753],[41.644,-13.72]],"o":[[0,0],[-8.716,-12.913],[18.885,-8.716],[3.712,4.842],[-37.115,12.228]],"v":[[-75.073,-13.142],[-108.162,-4.425],[-85.887,-42.519],[-46.826,-38.645],[-80.722,3]],"c":false},"ix":2},"nm":"Path 1","mn":"ADBE Vector Shape - Group","hd":false},{"ty":"st","c":{"a":0,"k":[0.095117022944,0.856950707529,0.970196054496,1],"ix":3},"o":{"a":0,"k":100,"ix":4},"w":{"a":0,"k":2,"ix":5},"lc":2,"lj":2,"bm":0,"nm":"Stroke 1","mn":"ADBE Vector Graphic - Stroke","hd":false},{"ty":"tr","p":{"a":0,"k":[0,0],"ix":2},"a":{"a":0,"k":[0,0],"ix":1},"s":{"a":0,"k":[100,100],"ix":3},"r":{"a":0,"k":0,"ix":6},"o":{"a":0,"k":100,"ix":7},"sk":{"a":0,"k":0,"ix":4},"sa":{"a":0,"k":0,"ix":5},"nm":"Transform"}],"nm":"Shape 2","np":3,"cix":2,"bm":0,"ix":2,"mn":"ADBE Vector Group","hd":false},{"ty":"gr","it":[{"ind":0,"ty":"sh","ix":1,"ks":{"a":0,"k":{"i":[[0,0],[0,0]],"o":[[0,0],[0,0]],"v":[[-33.913,-27.507],[-60.062,28.341]],"c":false},"ix":2},"nm":"Path 1","mn":"ADBE Vector Shape - Group","hd":false},{"ty":"st","c":{"a":0,"k":[0.095117022944,0.856950707529,0.970196054496,1],"ix":3},"o":{"a":0,"k":100,"ix":4},"w":{"a":0,"k":2,"ix":5},"lc":2,"lj":2,"bm":0,"nm":"Stroke 1","mn":"ADBE Vector Graphic - Stroke","hd":false},{"ty":"tr","p":{"a":0,"k":[0,0],"ix":2},"a":{"a":0,"k":[0,0],"ix":1},"s":{"a":0,"k":[100,100],"ix":3},"r":{"a":0,"k":0,"ix":6},"o":{"a":0,"k":100,"ix":7},"sk":{"a":0,"k":0,"ix":4},"sa":{"a":0,"k":0,"ix":5},"nm":"Transform"}],"nm":"Shape 3","np":3,"cix":2,"bm":0,"ix":3,"mn":"ADBE Vector Group","hd":false},{"ty":"gr","it":[{"ind":0,"ty":"sh","ix":1,"ks":{"a":0,"k":{"i":[[0,0],[-4.065,-3.303],[-9.719,1.1],[0,0],[-8.141,-1.464],[0,0],[-38.577,35.511]],"o":[[0,0],[5.165,4.197],[12.832,-1.453],[0,0],[14.366,2.583],[0,0],[29.307,-26.977]],"v":[[-49.893,8.326],[-31.815,-0.229],[-38.917,27.696],[-11.638,-0.713],[-22.775,28.018],[6.117,-1.359],[11.605,16.235]],"c":false},"ix":2},"nm":"Path 1","mn":"ADBE Vector Shape - Group","hd":false},{"ty":"st","c":{"a":0,"k":[0.095117022944,0.856950707529,0.970196054496,1],"ix":3},"o":{"a":0,"k":100,"ix":4},"w":{"a":0,"k":2,"ix":5},"lc":2,"lj":2,"bm":0,"nm":"Stroke 1","mn":"ADBE Vector Graphic - Stroke","hd":false},{"ty":"tr","p":{"a":0,"k":[0,0],"ix":2},"a":{"a":0,"k":[0,0],"ix":1},"s":{"a":0,"k":[100,100],"ix":3},"r":{"a":0,"k":0,"ix":6},"o":{"a":0,"k":100,"ix":7},"sk":{"a":0,"k":0,"ix":4},"sa":{"a":0,"k":0,"ix":5},"nm":"Transform"}],"nm":"Shape 4","np":3,"cix":2,"bm":0,"ix":4,"mn":"ADBE Vector Group","hd":false},{"ty":"gr","it":[{"ind":0,"ty":"sh","ix":1,"ks":{"a":0,"k":{"i":[[7.264,1.614],[2.744,-5.811],[-7.105,-2.78],[-2.421,5.649]],"o":[[-7.264,-1.614],[-1.622,3.435],[7.425,2.905],[2.421,-5.649]],"v":[[32.104,-0.229],[14.188,11.232],[16.125,27.05],[35.655,14.783]],"c":true},"ix":2},"nm":"Path 1","mn":"ADBE Vector Shape - Group","hd":false},{"ty":"st","c":{"a":0,"k":[0.095117022944,0.856950707529,0.970196054496,1],"ix":3},"o":{"a":0,"k":100,"ix":4},"w":{"a":0,"k":2,"ix":5},"lc":2,"lj":2,"bm":0,"nm":"Stroke 1","mn":"ADBE Vector Graphic - Stroke","hd":false},{"ty":"tr","p":{"a":0,"k":[0,0],"ix":2},"a":{"a":0,"k":[0,0],"ix":1},"s":{"a":0,"k":[100,100],"ix":3},"r":{"a":0,"k":0,"ix":6},"o":{"a":0,"k":100,"ix":7},"sk":{"a":0,"k":0,"ix":4},"sa":{"a":0,"k":0,"ix":5},"nm":"Transform"}],"nm":"Shape 5","np":3,"cix":2,"bm":0,"ix":5,"mn":"ADBE Vector Group","hd":false},{"ty":"gr","it":[{"ind":0,"ty":"sh","ix":1,"ks":{"a":0,"k":{"i":[[-12.23,-2.234],[0,0],[0,0]],"o":[[16.787,3.067],[0,0],[0,0]],"v":[[34.526,19.948],[57.607,-2.166],[43.887,28.341]],"c":false},"ix":2},"nm":"Path 1","mn":"ADBE Vector Shape - Group","hd":false},{"ty":"st","c":{"a":0,"k":[0.095117022944,0.856950707529,0.970196054496,1],"ix":3},"o":{"a":0,"k":100,"ix":4},"w":{"a":0,"k":2,"ix":5},"lc":2,"lj":2,"bm":0,"nm":"Stroke 1","mn":"ADBE Vector Graphic - Stroke","hd":false},{"ty":"tr","p":{"a":0,"k":[0,0],"ix":2},"a":{"a":0,"k":[0,0],"ix":1},"s":{"a":0,"k":[100,100],"ix":3},"r":{"a":0,"k":0,"ix":6},"o":{"a":0,"k":100,"ix":7},"sk":{"a":0,"k":0,"ix":4},"sa":{"a":0,"k":0,"ix":5},"nm":"Transform"}],"nm":"Shape 6","np":3,"cix":2,"bm":0,"ix":6,"mn":"ADBE Vector Group","hd":false},{"ty":"gr","it":[{"ind":0,"ty":"sh","ix":1,"ks":{"a":0,"k":{"i":[[0,0],[3.584,-10.07],[-7.102,0.968],[-4.035,3.712]],"o":[[0,0],[-3.39,9.523],[7.102,-0.968],[4.035,-3.712]],"v":[[56.316,6.389],[72.619,3],[64.548,27.695],[81.416,15.509]],"c":false},"ix":2},"nm":"Path 1","mn":"ADBE Vector Shape - Group","hd":false},{"ty":"st","c":{"a":0,"k":[0.095117022944,0.856950707529,0.970196054496,1],"ix":3},"o":{"a":0,"k":100,"ix":4},"w":{"a":0,"k":2,"ix":5},"lc":2,"lj":2,"bm":0,"nm":"Stroke 1","mn":"ADBE Vector Graphic - Stroke","hd":false},{"ty":"tr","p":{"a":0,"k":[0,0],"ix":2},"a":{"a":0,"k":[0,0],"ix":1},"s":{"a":0,"k":[100,100],"ix":3},"r":{"a":0,"k":0,"ix":6},"o":{"a":0,"k":100,"ix":7},"sk":{"a":0,"k":0,"ix":4},"sa":{"a":0,"k":0,"ix":5},"nm":"Transform"}],"nm":"Shape 7","np":3,"cix":2,"bm":0,"ix":7,"mn":"ADBE Vector Group","hd":false},{"ty":"gr","it":[{"ind":0,"ty":"sh","ix":1,"ks":{"a":0,"k":{"i":[[12.267,-13.074],[-3.745,-0.832],[-6.174,10.458]],"o":[[-12.808,13.65],[7.264,1.614],[7.909,-13.397]],"v":[[89.406,5.421],[86.016,27.534],[105.547,14.298]],"c":true},"ix":2},"nm":"Path 1","mn":"ADBE Vector Shape - Group","hd":false},{"ty":"st","c":{"a":0,"k":[0.095117022944,0.856950707529,0.970196054496,1],"ix":3},"o":{"a":0,"k":100,"ix":4},"w":{"a":0,"k":2,"ix":5},"lc":2,"lj":2,"bm":0,"nm":"Stroke 1","mn":"ADBE Vector Graphic - Stroke","hd":false},{"ty":"tr","p":{"a":0,"k":[0,0],"ix":2},"a":{"a":0,"k":[0,0],"ix":1},"s":{"a":0,"k":[100,100],"ix":3},"r":{"a":0,"k":0,"ix":6},"o":{"a":0,"k":100,"ix":7},"sk":{"a":0,"k":0,"ix":4},"sa":{"a":0,"k":0,"ix":5},"nm":"Transform"}],"nm":"Shape 8","np":3,"cix":2,"bm":0,"ix":8,"mn":"ADBE Vector Group","hd":false},{"ty":"gr","it":[{"ind":0,"ty":"sh","ix":1,"ks":{"a":0,"k":{"i":[[0,0],[11.944,-6.941],[-4.197,3.39],[-9.846,18.401]],"o":[[-20.176,26.471],[-8.034,4.669],[4.197,-3.39],[9.846,-18.401]],"v":[[114.101,-0.39],[83.918,49.163],[75.847,40.77],[120.396,14.621]],"c":false},"ix":2},"nm":"Path 1","mn":"ADBE Vector Shape - Group","hd":false},{"ty":"st","c":{"a":0,"k":[0.095117022944,0.856950707529,0.970196054496,1],"ix":3},"o":{"a":0,"k":100,"ix":4},"w":{"a":0,"k":2,"ix":5},"lc":2,"lj":2,"bm":0,"nm":"Stroke 1","mn":"ADBE Vector Graphic - Stroke","hd":false},{"ty":"tr","p":{"a":0,"k":[0,0],"ix":2},"a":{"a":0,"k":[0,0],"ix":1},"s":{"a":0,"k":[100,100],"ix":3},"r":{"a":0,"k":0,"ix":6},"o":{"a":0,"k":100,"ix":7},"sk":{"a":0,"k":0,"ix":4},"sa":{"a":0,"k":0,"ix":5},"nm":"Transform"}],"nm":"Shape 9","np":3,"cix":2,"bm":0,"ix":9,"mn":"ADBE Vector Group","hd":false},{"ty":"tm","s":{"a":1,"k":[{"i":{"x":[0.4],"y":[1]},"o":{"x":[0.167],"y":[0]},"t":20,"s":[0]},{"i":{"x":[0.833],"y":[1]},"o":{"x":[0.167],"y":[0]},"t":28,"s":[0]},{"i":{"x":[0.4],"y":[1]},"o":{"x":[0.167],"y":[0.167]},"t":200,"s":[0]},{"t":210,"s":[10]}],"ix":1},"e":{"a":1,"k":[{"i":{"x":[0.4],"y":[1]},"o":{"x":[0.167],"y":[0.167]},"t":20,"s":[0]},{"i":{"x":[0.833],"y":[1]},"o":{"x":[0.167],"y":[0]},"t":28,"s":[10]},{"i":{"x":[0.4],"y":[1]},"o":{"x":[0.167],"y":[0]},"t":200,"s":[10]},{"t":210,"s":[10]}],"ix":2},"o":{"a":1,"k":[{"i":{"x":[0.4],"y":[1]},"o":{"x":[0.4],"y":[0]},"t":20,"s":[0]},{"t":205,"s":[360]}],"ix":3},"m":2,"ix":10,"nm":"Trim Paths 1","mn":"ADBE Vector Filter - Trim","hd":false}],"ip":0,"op":600,"st":0,"bm":0},{"ddd":0,"ind":3,"ty":4,"nm":"mask","td":1,"sr":1,"ks":{"o":{"a":0,"k":100,"ix":11},"r":{"a":0,"k":0,"ix":10},"p":{"a":0,"k":[92.625,278.236,0],"ix":2},"a":{"a":0,"k":[-101.625,18.486,0],"ix":1},"s":{"a":0,"k":[154.884,154.884,100],"ix":6}},"ao":0,"shapes":[{"ty":"gr","it":[{"ind":0,"ty":"sh","ix":1,"ks":{"a":0,"k":{"i":[[0,0],[1.669,-12.604],[-16.035,32.995],[-12.429,19.484]],"o":[[0,0],[-1.339,10.11],[9.052,-18.627],[0,0]],"v":[[-105.833,8.572],[-119.516,17.489],[-84.125,7],[-55.219,-51.585]],"c":false},"ix":2},"nm":"Path 1","mn":"ADBE Vector Shape - Group","hd":false},{"ty":"st","c":{"a":0,"k":[1,0.204705960143,0.204705960143,1],"ix":3},"o":{"a":0,"k":100,"ix":4},"w":{"a":0,"k":8,"ix":5},"lc":2,"lj":2,"bm":0,"nm":"Stroke 1","mn":"ADBE Vector Graphic - Stroke","hd":false},{"ty":"tr","p":{"a":0,"k":[0,0],"ix":2},"a":{"a":0,"k":[0,0],"ix":1},"s":{"a":0,"k":[100,97.757],"ix":3},"r":{"a":0,"k":0,"ix":6},"o":{"a":0,"k":100,"ix":7},"sk":{"a":0,"k":0,"ix":4},"sa":{"a":0,"k":0,"ix":5},"nm":"Transform"}],"nm":"Shape 1","np":3,"cix":2,"bm":0,"ix":1,"mn":"ADBE Vector Group","hd":false},{"ty":"gr","it":[{"ind":0,"ty":"sh","ix":1,"ks":{"a":0,"k":{"i":[[0,0],[8.716,12.913],[-18.885,8.716],[-2.878,-3.753],[41.644,-13.72]],"o":[[0,0],[-8.716,-12.913],[18.885,-8.716],[3.712,4.842],[-37.115,12.228]],"v":[[-75.073,-13.142],[-108.162,-4.425],[-85.887,-42.519],[-46.826,-38.645],[-80.722,3]],"c":false},"ix":2},"nm":"Path 1","mn":"ADBE Vector Shape - Group","hd":false},{"ty":"st","c":{"a":0,"k":[1,0.204705960143,0.204705960143,1],"ix":3},"o":{"a":0,"k":100,"ix":4},"w":{"a":0,"k":8,"ix":5},"lc":2,"lj":2,"bm":0,"nm":"Stroke 1","mn":"ADBE Vector Graphic - Stroke","hd":false},{"ty":"tr","p":{"a":0,"k":[0,0],"ix":2},"a":{"a":0,"k":[0,0],"ix":1},"s":{"a":0,"k":[100,100],"ix":3},"r":{"a":0,"k":0,"ix":6},"o":{"a":0,"k":100,"ix":7},"sk":{"a":0,"k":0,"ix":4},"sa":{"a":0,"k":0,"ix":5},"nm":"Transform"}],"nm":"Shape 2","np":3,"cix":2,"bm":0,"ix":2,"mn":"ADBE Vector Group","hd":false},{"ty":"gr","it":[{"ind":0,"ty":"sh","ix":1,"ks":{"a":0,"k":{"i":[[0,0],[0,0]],"o":[[0,0],[0,0]],"v":[[-33.913,-27.507],[-60.062,28.341]],"c":false},"ix":2},"nm":"Path 1","mn":"ADBE Vector Shape - Group","hd":false},{"ty":"st","c":{"a":0,"k":[1,0.204705960143,0.204705960143,1],"ix":3},"o":{"a":0,"k":100,"ix":4},"w":{"a":0,"k":8,"ix":5},"lc":2,"lj":2,"bm":0,"nm":"Stroke 1","mn":"ADBE Vector Graphic - Stroke","hd":false},{"ty":"tr","p":{"a":0,"k":[0,0],"ix":2},"a":{"a":0,"k":[0,0],"ix":1},"s":{"a":0,"k":[100,100],"ix":3},"r":{"a":0,"k":0,"ix":6},"o":{"a":0,"k":100,"ix":7},"sk":{"a":0,"k":0,"ix":4},"sa":{"a":0,"k":0,"ix":5},"nm":"Transform"}],"nm":"Shape 3","np":3,"cix":2,"bm":0,"ix":3,"mn":"ADBE Vector Group","hd":false},{"ty":"gr","it":[{"ind":0,"ty":"sh","ix":1,"ks":{"a":0,"k":{"i":[[0,0],[-4.065,-3.303],[-9.719,1.1],[0,0],[-8.141,-1.464],[0,0],[-38.577,35.511]],"o":[[0,0],[5.165,4.197],[12.832,-1.453],[0,0],[14.366,2.583],[0,0],[29.307,-26.977]],"v":[[-49.893,8.326],[-31.815,-0.229],[-38.917,27.696],[-11.638,-0.713],[-22.775,28.018],[6.117,-1.359],[11.605,16.235]],"c":false},"ix":2},"nm":"Path 1","mn":"ADBE Vector Shape - Group","hd":false},{"ty":"st","c":{"a":0,"k":[1,0.204705960143,0.204705960143,1],"ix":3},"o":{"a":0,"k":100,"ix":4},"w":{"a":0,"k":8,"ix":5},"lc":2,"lj":2,"bm":0,"nm":"Stroke 1","mn":"ADBE Vector Graphic - Stroke","hd":false},{"ty":"tr","p":{"a":0,"k":[0,0],"ix":2},"a":{"a":0,"k":[0,0],"ix":1},"s":{"a":0,"k":[100,100],"ix":3},"r":{"a":0,"k":0,"ix":6},"o":{"a":0,"k":100,"ix":7},"sk":{"a":0,"k":0,"ix":4},"sa":{"a":0,"k":0,"ix":5},"nm":"Transform"}],"nm":"Shape 4","np":3,"cix":2,"bm":0,"ix":4,"mn":"ADBE Vector Group","hd":false},{"ty":"gr","it":[{"ind":0,"ty":"sh","ix":1,"ks":{"a":0,"k":{"i":[[7.264,1.614],[2.744,-5.811],[-7.105,-2.78],[-2.421,5.649]],"o":[[-7.264,-1.614],[-1.622,3.435],[7.425,2.905],[2.421,-5.649]],"v":[[32.104,-0.229],[14.188,11.232],[16.125,27.05],[35.655,14.783]],"c":true},"ix":2},"nm":"Path 1","mn":"ADBE Vector Shape - Group","hd":false},{"ty":"st","c":{"a":0,"k":[1,0.204705960143,0.204705960143,1],"ix":3},"o":{"a":0,"k":100,"ix":4},"w":{"a":0,"k":8,"ix":5},"lc":2,"lj":2,"bm":0,"nm":"Stroke 1","mn":"ADBE Vector Graphic - Stroke","hd":false},{"ty":"tr","p":{"a":0,"k":[0,0],"ix":2},"a":{"a":0,"k":[0,0],"ix":1},"s":{"a":0,"k":[100,100],"ix":3},"r":{"a":0,"k":0,"ix":6},"o":{"a":0,"k":100,"ix":7},"sk":{"a":0,"k":0,"ix":4},"sa":{"a":0,"k":0,"ix":5},"nm":"Transform"}],"nm":"Shape 5","np":3,"cix":2,"bm":0,"ix":5,"mn":"ADBE Vector Group","hd":false},{"ty":"gr","it":[{"ind":0,"ty":"sh","ix":1,"ks":{"a":0,"k":{"i":[[-12.23,-2.234],[0,0],[0,0]],"o":[[16.787,3.067],[0,0],[0,0]],"v":[[34.526,19.948],[57.607,-2.166],[43.887,28.341]],"c":false},"ix":2},"nm":"Path 1","mn":"ADBE Vector Shape - Group","hd":false},{"ty":"st","c":{"a":0,"k":[1,0.204705960143,0.204705960143,1],"ix":3},"o":{"a":0,"k":100,"ix":4},"w":{"a":0,"k":8,"ix":5},"lc":2,"lj":2,"bm":0,"nm":"Stroke 1","mn":"ADBE Vector Graphic - Stroke","hd":false},{"ty":"tr","p":{"a":0,"k":[0,0],"ix":2},"a":{"a":0,"k":[0,0],"ix":1},"s":{"a":0,"k":[100,100],"ix":3},"r":{"a":0,"k":0,"ix":6},"o":{"a":0,"k":100,"ix":7},"sk":{"a":0,"k":0,"ix":4},"sa":{"a":0,"k":0,"ix":5},"nm":"Transform"}],"nm":"Shape 6","np":3,"cix":2,"bm":0,"ix":6,"mn":"ADBE Vector Group","hd":false},{"ty":"gr","it":[{"ind":0,"ty":"sh","ix":1,"ks":{"a":0,"k":{"i":[[0,0],[3.584,-10.07],[-7.102,0.968],[-4.035,3.712]],"o":[[0,0],[-3.39,9.523],[7.102,-0.968],[4.035,-3.712]],"v":[[56.316,6.389],[72.619,3],[64.548,27.695],[81.416,15.509]],"c":false},"ix":2},"nm":"Path 1","mn":"ADBE Vector Shape - Group","hd":false},{"ty":"st","c":{"a":0,"k":[1,0.204705960143,0.204705960143,1],"ix":3},"o":{"a":0,"k":100,"ix":4},"w":{"a":0,"k":8,"ix":5},"lc":2,"lj":2,"bm":0,"nm":"Stroke 1","mn":"ADBE Vector Graphic - Stroke","hd":false},{"ty":"tr","p":{"a":0,"k":[0,0],"ix":2},"a":{"a":0,"k":[0,0],"ix":1},"s":{"a":0,"k":[100,100],"ix":3},"r":{"a":0,"k":0,"ix":6},"o":{"a":0,"k":100,"ix":7},"sk":{"a":0,"k":0,"ix":4},"sa":{"a":0,"k":0,"ix":5},"nm":"Transform"}],"nm":"Shape 7","np":3,"cix":2,"bm":0,"ix":7,"mn":"ADBE Vector Group","hd":false},{"ty":"gr","it":[{"ind":0,"ty":"sh","ix":1,"ks":{"a":0,"k":{"i":[[12.267,-13.074],[-3.745,-0.832],[-6.174,10.458]],"o":[[-12.808,13.65],[7.264,1.614],[7.909,-13.397]],"v":[[89.406,5.421],[86.016,27.534],[105.547,14.298]],"c":true},"ix":2},"nm":"Path 1","mn":"ADBE Vector Shape - Group","hd":false},{"ty":"st","c":{"a":0,"k":[1,0.204705960143,0.204705960143,1],"ix":3},"o":{"a":0,"k":100,"ix":4},"w":{"a":0,"k":8,"ix":5},"lc":2,"lj":2,"bm":0,"nm":"Stroke 1","mn":"ADBE Vector Graphic - Stroke","hd":false},{"ty":"tr","p":{"a":0,"k":[0,0],"ix":2},"a":{"a":0,"k":[0,0],"ix":1},"s":{"a":0,"k":[100,100],"ix":3},"r":{"a":0,"k":0,"ix":6},"o":{"a":0,"k":100,"ix":7},"sk":{"a":0,"k":0,"ix":4},"sa":{"a":0,"k":0,"ix":5},"nm":"Transform"}],"nm":"Shape 8","np":3,"cix":2,"bm":0,"ix":8,"mn":"ADBE Vector Group","hd":false},{"ty":"gr","it":[{"ind":0,"ty":"sh","ix":1,"ks":{"a":0,"k":{"i":[[0,0],[11.944,-6.941],[-4.197,3.39],[-9.846,18.401]],"o":[[-20.176,26.471],[-8.034,4.669],[4.197,-3.39],[9.846,-18.401]],"v":[[114.101,-0.39],[83.918,49.163],[75.847,40.77],[120.396,14.621]],"c":false},"ix":2},"nm":"Path 1","mn":"ADBE Vector Shape - Group","hd":false},{"ty":"st","c":{"a":0,"k":[1,0.204705960143,0.204705960143,1],"ix":3},"o":{"a":0,"k":100,"ix":4},"w":{"a":0,"k":8,"ix":5},"lc":2,"lj":2,"bm":0,"nm":"Stroke 1","mn":"ADBE Vector Graphic - Stroke","hd":false},{"ty":"tr","p":{"a":0,"k":[0,0],"ix":2},"a":{"a":0,"k":[0,0],"ix":1},"s":{"a":0,"k":[100,100],"ix":3},"r":{"a":0,"k":0,"ix":6},"o":{"a":0,"k":100,"ix":7},"sk":{"a":0,"k":0,"ix":4},"sa":{"a":0,"k":0,"ix":5},"nm":"Transform"}],"nm":"Shape 9","np":3,"cix":2,"bm":0,"ix":9,"mn":"ADBE Vector Group","hd":false},{"ty":"tm","s":{"a":0,"k":0,"ix":1},"e":{"a":1,"k":[{"i":{"x":[0.4],"y":[1]},"o":{"x":[0.4],"y":[0]},"t":28,"s":[0]},{"t":209,"s":[100]}],"ix":2},"o":{"a":0,"k":0,"ix":3},"m":2,"ix":10,"nm":"Trim Paths 1","mn":"ADBE Vector Filter - Trim","hd":false}],"ip":0,"op":600,"st":0,"bm":0},{"ddd":0,"ind":4,"ty":5,"nm":"Phuong","tt":1,"sr":1,"ks":{"o":{"a":0,"k":100,"ix":11},"r":{"a":0,"k":0,"ix":10},"p":{"a":0,"k":[250,250,0],"ix":2},"a":{"a":0,"k":[122.337,-31.33,0],"ix":1},"s":{"a":0,"k":[154.884,154.884,100],"ix":6}},"ao":0,"t":{"d":{"k":[{"s":{"s":120,"f":"AmplifyPersonalUseOnly","t":"Dotes","j":0,"tr":0,"lh":144,"ls":0,"fc":[1,1,1]},"t":0}]},"p":{},"m":{"g":1,"a":{"a":0,"k":[0,0],"ix":2}},"a":[]},"ip":0,"op":600,"st":0,"bm":0},{"ddd":0,"ind":5,"ty":4,"nm":"mask 2","td":1,"sr":1,"ks":{"o":{"a":0,"k":100,"ix":11},"r":{"a":0,"k":0,"ix":10},"p":{"a":0,"k":[92.625,278.236,0],"ix":2},"a":{"a":0,"k":[-101.625,18.486,0],"ix":1},"s":{"a":0,"k":[154.884,154.884,100],"ix":6}},"ao":0,"shapes":[{"ty":"gr","it":[{"ind":0,"ty":"sh","ix":1,"ks":{"a":0,"k":{"i":[[0,0],[1.669,-12.604],[-16.035,32.995],[-12.429,19.484]],"o":[[0,0],[-1.339,10.11],[9.052,-18.627],[0,0]],"v":[[-105.833,8.572],[-119.516,17.489],[-84.125,7],[-55.219,-51.585]],"c":false},"ix":2},"nm":"Path 1","mn":"ADBE Vector Shape - Group","hd":false},{"ty":"st","c":{"a":0,"k":[1,0.204705960143,0.204705960143,1],"ix":3},"o":{"a":0,"k":100,"ix":4},"w":{"a":0,"k":8,"ix":5},"lc":2,"lj":2,"bm":0,"nm":"Stroke 1","mn":"ADBE Vector Graphic - Stroke","hd":false},{"ty":"tr","p":{"a":0,"k":[0,0],"ix":2},"a":{"a":0,"k":[0,0],"ix":1},"s":{"a":0,"k":[100,97.757],"ix":3},"r":{"a":0,"k":0,"ix":6},"o":{"a":0,"k":100,"ix":7},"sk":{"a":0,"k":0,"ix":4},"sa":{"a":0,"k":0,"ix":5},"nm":"Transform"}],"nm":"Shape 1","np":3,"cix":2,"bm":0,"ix":1,"mn":"ADBE Vector Group","hd":false},{"ty":"gr","it":[{"ind":0,"ty":"sh","ix":1,"ks":{"a":0,"k":{"i":[[0,0],[8.716,12.913],[-18.885,8.716],[-2.878,-3.753],[41.644,-13.72]],"o":[[0,0],[-8.716,-12.913],[18.885,-8.716],[3.712,4.842],[-37.115,12.228]],"v":[[-75.073,-13.142],[-108.162,-4.425],[-85.887,-42.519],[-46.826,-38.645],[-80.722,3]],"c":false},"ix":2},"nm":"Path 1","mn":"ADBE Vector Shape - Group","hd":false},{"ty":"st","c":{"a":0,"k":[1,0.204705960143,0.204705960143,1],"ix":3},"o":{"a":0,"k":100,"ix":4},"w":{"a":0,"k":8,"ix":5},"lc":2,"lj":2,"bm":0,"nm":"Stroke 1","mn":"ADBE Vector Graphic - Stroke","hd":false},{"ty":"tr","p":{"a":0,"k":[0,0],"ix":2},"a":{"a":0,"k":[0,0],"ix":1},"s":{"a":0,"k":[100,100],"ix":3},"r":{"a":0,"k":0,"ix":6},"o":{"a":0,"k":100,"ix":7},"sk":{"a":0,"k":0,"ix":4},"sa":{"a":0,"k":0,"ix":5},"nm":"Transform"}],"nm":"Shape 2","np":3,"cix":2,"bm":0,"ix":2,"mn":"ADBE Vector Group","hd":false},{"ty":"gr","it":[{"ind":0,"ty":"sh","ix":1,"ks":{"a":0,"k":{"i":[[0,0],[0,0]],"o":[[0,0],[0,0]],"v":[[-33.913,-27.507],[-60.062,28.341]],"c":false},"ix":2},"nm":"Path 1","mn":"ADBE Vector Shape - Group","hd":false},{"ty":"st","c":{"a":0,"k":[1,0.204705960143,0.204705960143,1],"ix":3},"o":{"a":0,"k":100,"ix":4},"w":{"a":0,"k":8,"ix":5},"lc":2,"lj":2,"bm":0,"nm":"Stroke 1","mn":"ADBE Vector Graphic - Stroke","hd":false},{"ty":"tr","p":{"a":0,"k":[0,0],"ix":2},"a":{"a":0,"k":[0,0],"ix":1},"s":{"a":0,"k":[100,100],"ix":3},"r":{"a":0,"k":0,"ix":6},"o":{"a":0,"k":100,"ix":7},"sk":{"a":0,"k":0,"ix":4},"sa":{"a":0,"k":0,"ix":5},"nm":"Transform"}],"nm":"Shape 3","np":3,"cix":2,"bm":0,"ix":3,"mn":"ADBE Vector Group","hd":false},{"ty":"gr","it":[{"ind":0,"ty":"sh","ix":1,"ks":{"a":0,"k":{"i":[[0,0],[-4.065,-3.303],[-9.719,1.1],[0,0],[-8.141,-1.464],[0,0],[-38.577,35.511]],"o":[[0,0],[5.165,4.197],[12.832,-1.453],[0,0],[14.366,2.583],[0,0],[29.307,-26.977]],"v":[[-49.893,8.326],[-31.815,-0.229],[-38.917,27.696],[-11.638,-0.713],[-22.775,28.018],[6.117,-1.359],[11.605,16.235]],"c":false},"ix":2},"nm":"Path 1","mn":"ADBE Vector Shape - Group","hd":false},{"ty":"st","c":{"a":0,"k":[1,0.204705960143,0.204705960143,1],"ix":3},"o":{"a":0,"k":100,"ix":4},"w":{"a":0,"k":8,"ix":5},"lc":2,"lj":2,"bm":0,"nm":"Stroke 1","mn":"ADBE Vector Graphic - Stroke","hd":false},{"ty":"tr","p":{"a":0,"k":[0,0],"ix":2},"a":{"a":0,"k":[0,0],"ix":1},"s":{"a":0,"k":[100,100],"ix":3},"r":{"a":0,"k":0,"ix":6},"o":{"a":0,"k":100,"ix":7},"sk":{"a":0,"k":0,"ix":4},"sa":{"a":0,"k":0,"ix":5},"nm":"Transform"}],"nm":"Shape 4","np":3,"cix":2,"bm":0,"ix":4,"mn":"ADBE Vector Group","hd":false},{"ty":"gr","it":[{"ind":0,"ty":"sh","ix":1,"ks":{"a":0,"k":{"i":[[7.264,1.614],[2.744,-5.811],[-7.105,-2.78],[-2.421,5.649]],"o":[[-7.264,-1.614],[-1.622,3.435],[7.425,2.905],[2.421,-5.649]],"v":[[32.104,-0.229],[14.188,11.232],[16.125,27.05],[35.655,14.783]],"c":true},"ix":2},"nm":"Path 1","mn":"ADBE Vector Shape - Group","hd":false},{"ty":"st","c":{"a":0,"k":[1,0.204705960143,0.204705960143,1],"ix":3},"o":{"a":0,"k":100,"ix":4},"w":{"a":0,"k":8,"ix":5},"lc":2,"lj":2,"bm":0,"nm":"Stroke 1","mn":"ADBE Vector Graphic - Stroke","hd":false},{"ty":"tr","p":{"a":0,"k":[0,0],"ix":2},"a":{"a":0,"k":[0,0],"ix":1},"s":{"a":0,"k":[100,100],"ix":3},"r":{"a":0,"k":0,"ix":6},"o":{"a":0,"k":100,"ix":7},"sk":{"a":0,"k":0,"ix":4},"sa":{"a":0,"k":0,"ix":5},"nm":"Transform"}],"nm":"Shape 5","np":3,"cix":2,"bm":0,"ix":5,"mn":"ADBE Vector Group","hd":false},{"ty":"gr","it":[{"ind":0,"ty":"sh","ix":1,"ks":{"a":0,"k":{"i":[[-12.23,-2.234],[0,0],[0,0]],"o":[[16.787,3.067],[0,0],[0,0]],"v":[[34.526,19.948],[57.607,-2.166],[43.887,28.341]],"c":false},"ix":2},"nm":"Path 1","mn":"ADBE Vector Shape - Group","hd":false},{"ty":"st","c":{"a":0,"k":[1,0.204705960143,0.204705960143,1],"ix":3},"o":{"a":0,"k":100,"ix":4},"w":{"a":0,"k":8,"ix":5},"lc":2,"lj":2,"bm":0,"nm":"Stroke 1","mn":"ADBE Vector Graphic - Stroke","hd":false},{"ty":"tr","p":{"a":0,"k":[0,0],"ix":2},"a":{"a":0,"k":[0,0],"ix":1},"s":{"a":0,"k":[100,100],"ix":3},"r":{"a":0,"k":0,"ix":6},"o":{"a":0,"k":100,"ix":7},"sk":{"a":0,"k":0,"ix":4},"sa":{"a":0,"k":0,"ix":5},"nm":"Transform"}],"nm":"Shape 6","np":3,"cix":2,"bm":0,"ix":6,"mn":"ADBE Vector Group","hd":false},{"ty":"gr","it":[{"ind":0,"ty":"sh","ix":1,"ks":{"a":0,"k":{"i":[[0,0],[3.584,-10.07],[-7.102,0.968],[-4.035,3.712]],"o":[[0,0],[-3.39,9.523],[7.102,-0.968],[4.035,-3.712]],"v":[[56.316,6.389],[72.619,3],[64.548,27.695],[81.416,15.509]],"c":false},"ix":2},"nm":"Path 1","mn":"ADBE Vector Shape - Group","hd":false},{"ty":"st","c":{"a":0,"k":[1,0.204705960143,0.204705960143,1],"ix":3},"o":{"a":0,"k":100,"ix":4},"w":{"a":0,"k":8,"ix":5},"lc":2,"lj":2,"bm":0,"nm":"Stroke 1","mn":"ADBE Vector Graphic - Stroke","hd":false},{"ty":"tr","p":{"a":0,"k":[0,0],"ix":2},"a":{"a":0,"k":[0,0],"ix":1},"s":{"a":0,"k":[100,100],"ix":3},"r":{"a":0,"k":0,"ix":6},"o":{"a":0,"k":100,"ix":7},"sk":{"a":0,"k":0,"ix":4},"sa":{"a":0,"k":0,"ix":5},"nm":"Transform"}],"nm":"Shape 7","np":3,"cix":2,"bm":0,"ix":7,"mn":"ADBE Vector Group","hd":false},{"ty":"gr","it":[{"ind":0,"ty":"sh","ix":1,"ks":{"a":0,"k":{"i":[[12.267,-13.074],[-3.745,-0.832],[-6.174,10.458]],"o":[[-12.808,13.65],[7.264,1.614],[7.909,-13.397]],"v":[[89.406,5.421],[86.016,27.534],[105.547,14.298]],"c":true},"ix":2},"nm":"Path 1","mn":"ADBE Vector Shape - Group","hd":false},{"ty":"st","c":{"a":0,"k":[1,0.204705960143,0.204705960143,1],"ix":3},"o":{"a":0,"k":100,"ix":4},"w":{"a":0,"k":8,"ix":5},"lc":2,"lj":2,"bm":0,"nm":"Stroke 1","mn":"ADBE Vector Graphic - Stroke","hd":false},{"ty":"tr","p":{"a":0,"k":[0,0],"ix":2},"a":{"a":0,"k":[0,0],"ix":1},"s":{"a":0,"k":[100,100],"ix":3},"r":{"a":0,"k":0,"ix":6},"o":{"a":0,"k":100,"ix":7},"sk":{"a":0,"k":0,"ix":4},"sa":{"a":0,"k":0,"ix":5},"nm":"Transform"}],"nm":"Shape 8","np":3,"cix":2,"bm":0,"ix":8,"mn":"ADBE Vector Group","hd":false},{"ty":"gr","it":[{"ind":0,"ty":"sh","ix":1,"ks":{"a":0,"k":{"i":[[0,0],[11.944,-6.941],[-4.197,3.39],[-9.846,18.401]],"o":[[-20.176,26.471],[-8.034,4.669],[4.197,-3.39],[9.846,-18.401]],"v":[[114.101,-0.39],[83.918,49.163],[75.847,40.77],[120.396,14.621]],"c":false},"ix":2},"nm":"Path 1","mn":"ADBE Vector Shape - Group","hd":false},{"ty":"st","c":{"a":0,"k":[1,0.204705960143,0.204705960143,1],"ix":3},"o":{"a":0,"k":100,"ix":4},"w":{"a":0,"k":8,"ix":5},"lc":2,"lj":2,"bm":0,"nm":"Stroke 1","mn":"ADBE Vector Graphic - Stroke","hd":false},{"ty":"tr","p":{"a":0,"k":[0,0],"ix":2},"a":{"a":0,"k":[0,0],"ix":1},"s":{"a":0,"k":[100,100],"ix":3},"r":{"a":0,"k":0,"ix":6},"o":{"a":0,"k":100,"ix":7},"sk":{"a":0,"k":0,"ix":4},"sa":{"a":0,"k":0,"ix":5},"nm":"Transform"}],"nm":"Shape 9","np":3,"cix":2,"bm":0,"ix":9,"mn":"ADBE Vector Group","hd":false},{"ty":"tm","s":{"a":0,"k":0,"ix":1},"e":{"a":1,"k":[{"i":{"x":[0.4],"y":[1]},"o":{"x":[0.4],"y":[0]},"t":24,"s":[0]},{"t":205,"s":[100]}],"ix":2},"o":{"a":0,"k":0,"ix":3},"m":2,"ix":10,"nm":"Trim Paths 1","mn":"ADBE Vector Filter - Trim","hd":false}],"ip":0,"op":600,"st":0,"bm":0},{"ddd":0,"ind":6,"ty":5,"nm":"Phuong 2","tt":1,"sr":1,"ks":{"o":{"a":0,"k":100,"ix":11},"r":{"a":0,"k":0,"ix":10},"p":{"a":0,"k":[250,250,0],"ix":2},"a":{"a":0,"k":[122.337,-31.33,0],"ix":1},"s":{"a":0,"k":[154.884,154.884,100],"ix":6}},"ao":0,"t":{"d":{"k":[{"s":{"s":120,"f":"AmplifyPersonalUseOnly","t":"Dotes","j":0,"tr":0,"lh":144,"ls":0,"fc":[0.98,0.127,0.97]},"t":0}]},"p":{},"m":{"g":1,"a":{"a":0,"k":[0,0],"ix":2}},"a":[]},"ip":0,"op":600,"st":0,"bm":0},{"ddd":0,"ind":7,"ty":4,"nm":"mask 3","td":1,"sr":1,"ks":{"o":{"a":0,"k":100,"ix":11},"r":{"a":0,"k":0,"ix":10},"p":{"a":0,"k":[92.625,278.236,0],"ix":2},"a":{"a":0,"k":[-101.625,18.486,0],"ix":1},"s":{"a":0,"k":[154.884,154.884,100],"ix":6}},"ao":0,"shapes":[{"ty":"gr","it":[{"ind":0,"ty":"sh","ix":1,"ks":{"a":0,"k":{"i":[[0,0],[1.669,-12.604],[-16.035,32.995],[-12.429,19.484]],"o":[[0,0],[-1.339,10.11],[9.052,-18.627],[0,0]],"v":[[-105.833,8.572],[-119.516,17.489],[-84.125,7],[-55.219,-51.585]],"c":false},"ix":2},"nm":"Path 1","mn":"ADBE Vector Shape - Group","hd":false},{"ty":"st","c":{"a":0,"k":[1,0.204705960143,0.204705960143,1],"ix":3},"o":{"a":0,"k":100,"ix":4},"w":{"a":0,"k":8,"ix":5},"lc":2,"lj":2,"bm":0,"nm":"Stroke 1","mn":"ADBE Vector Graphic - Stroke","hd":false},{"ty":"tr","p":{"a":0,"k":[0,0],"ix":2},"a":{"a":0,"k":[0,0],"ix":1},"s":{"a":0,"k":[100,97.757],"ix":3},"r":{"a":0,"k":0,"ix":6},"o":{"a":0,"k":100,"ix":7},"sk":{"a":0,"k":0,"ix":4},"sa":{"a":0,"k":0,"ix":5},"nm":"Transform"}],"nm":"Shape 1","np":3,"cix":2,"bm":0,"ix":1,"mn":"ADBE Vector Group","hd":false},{"ty":"gr","it":[{"ind":0,"ty":"sh","ix":1,"ks":{"a":0,"k":{"i":[[0,0],[8.716,12.913],[-18.885,8.716],[-2.878,-3.753],[41.644,-13.72]],"o":[[0,0],[-8.716,-12.913],[18.885,-8.716],[3.712,4.842],[-37.115,12.228]],"v":[[-75.073,-13.142],[-108.162,-4.425],[-85.887,-42.519],[-46.826,-38.645],[-80.722,3]],"c":false},"ix":2},"nm":"Path 1","mn":"ADBE Vector Shape - Group","hd":false},{"ty":"st","c":{"a":0,"k":[1,0.204705960143,0.204705960143,1],"ix":3},"o":{"a":0,"k":100,"ix":4},"w":{"a":0,"k":8,"ix":5},"lc":2,"lj":2,"bm":0,"nm":"Stroke 1","mn":"ADBE Vector Graphic - Stroke","hd":false},{"ty":"tr","p":{"a":0,"k":[0,0],"ix":2},"a":{"a":0,"k":[0,0],"ix":1},"s":{"a":0,"k":[100,100],"ix":3},"r":{"a":0,"k":0,"ix":6},"o":{"a":0,"k":100,"ix":7},"sk":{"a":0,"k":0,"ix":4},"sa":{"a":0,"k":0,"ix":5},"nm":"Transform"}],"nm":"Shape 2","np":3,"cix":2,"bm":0,"ix":2,"mn":"ADBE Vector Group","hd":false},{"ty":"gr","it":[{"ind":0,"ty":"sh","ix":1,"ks":{"a":0,"k":{"i":[[0,0],[0,0]],"o":[[0,0],[0,0]],"v":[[-33.913,-27.507],[-60.062,28.341]],"c":false},"ix":2},"nm":"Path 1","mn":"ADBE Vector Shape - Group","hd":false},{"ty":"st","c":{"a":0,"k":[1,0.204705960143,0.204705960143,1],"ix":3},"o":{"a":0,"k":100,"ix":4},"w":{"a":0,"k":8,"ix":5},"lc":2,"lj":2,"bm":0,"nm":"Stroke 1","mn":"ADBE Vector Graphic - Stroke","hd":false},{"ty":"tr","p":{"a":0,"k":[0,0],"ix":2},"a":{"a":0,"k":[0,0],"ix":1},"s":{"a":0,"k":[100,100],"ix":3},"r":{"a":0,"k":0,"ix":6},"o":{"a":0,"k":100,"ix":7},"sk":{"a":0,"k":0,"ix":4},"sa":{"a":0,"k":0,"ix":5},"nm":"Transform"}],"nm":"Shape 3","np":3,"cix":2,"bm":0,"ix":3,"mn":"ADBE Vector Group","hd":false},{"ty":"gr","it":[{"ind":0,"ty":"sh","ix":1,"ks":{"a":0,"k":{"i":[[0,0],[-4.065,-3.303],[-9.719,1.1],[0,0],[-8.141,-1.464],[0,0],[-38.577,35.511]],"o":[[0,0],[5.165,4.197],[12.832,-1.453],[0,0],[14.366,2.583],[0,0],[29.307,-26.977]],"v":[[-49.893,8.326],[-31.815,-0.229],[-38.917,27.696],[-11.638,-0.713],[-22.775,28.018],[6.117,-1.359],[11.605,16.235]],"c":false},"ix":2},"nm":"Path 1","mn":"ADBE Vector Shape - Group","hd":false},{"ty":"st","c":{"a":0,"k":[1,0.204705960143,0.204705960143,1],"ix":3},"o":{"a":0,"k":100,"ix":4},"w":{"a":0,"k":8,"ix":5},"lc":2,"lj":2,"bm":0,"nm":"Stroke 1","mn":"ADBE Vector Graphic - Stroke","hd":false},{"ty":"tr","p":{"a":0,"k":[0,0],"ix":2},"a":{"a":0,"k":[0,0],"ix":1},"s":{"a":0,"k":[100,100],"ix":3},"r":{"a":0,"k":0,"ix":6},"o":{"a":0,"k":100,"ix":7},"sk":{"a":0,"k":0,"ix":4},"sa":{"a":0,"k":0,"ix":5},"nm":"Transform"}],"nm":"Shape 4","np":3,"cix":2,"bm":0,"ix":4,"mn":"ADBE Vector Group","hd":false},{"ty":"gr","it":[{"ind":0,"ty":"sh","ix":1,"ks":{"a":0,"k":{"i":[[7.264,1.614],[2.744,-5.811],[-7.105,-2.78],[-2.421,5.649]],"o":[[-7.264,-1.614],[-1.622,3.435],[7.425,2.905],[2.421,-5.649]],"v":[[32.104,-0.229],[14.188,11.232],[16.125,27.05],[35.655,14.783]],"c":true},"ix":2},"nm":"Path 1","mn":"ADBE Vector Shape - Group","hd":false},{"ty":"st","c":{"a":0,"k":[1,0.204705960143,0.204705960143,1],"ix":3},"o":{"a":0,"k":100,"ix":4},"w":{"a":0,"k":8,"ix":5},"lc":2,"lj":2,"bm":0,"nm":"Stroke 1","mn":"ADBE Vector Graphic - Stroke","hd":false},{"ty":"tr","p":{"a":0,"k":[0,0],"ix":2},"a":{"a":0,"k":[0,0],"ix":1},"s":{"a":0,"k":[100,100],"ix":3},"r":{"a":0,"k":0,"ix":6},"o":{"a":0,"k":100,"ix":7},"sk":{"a":0,"k":0,"ix":4},"sa":{"a":0,"k":0,"ix":5},"nm":"Transform"}],"nm":"Shape 5","np":3,"cix":2,"bm":0,"ix":5,"mn":"ADBE Vector Group","hd":false},{"ty":"gr","it":[{"ind":0,"ty":"sh","ix":1,"ks":{"a":0,"k":{"i":[[-12.23,-2.234],[0,0],[0,0]],"o":[[16.787,3.067],[0,0],[0,0]],"v":[[34.526,19.948],[57.607,-2.166],[43.887,28.341]],"c":false},"ix":2},"nm":"Path 1","mn":"ADBE Vector Shape - Group","hd":false},{"ty":"st","c":{"a":0,"k":[1,0.204705960143,0.204705960143,1],"ix":3},"o":{"a":0,"k":100,"ix":4},"w":{"a":0,"k":8,"ix":5},"lc":2,"lj":2,"bm":0,"nm":"Stroke 1","mn":"ADBE Vector Graphic - Stroke","hd":false},{"ty":"tr","p":{"a":0,"k":[0,0],"ix":2},"a":{"a":0,"k":[0,0],"ix":1},"s":{"a":0,"k":[100,100],"ix":3},"r":{"a":0,"k":0,"ix":6},"o":{"a":0,"k":100,"ix":7},"sk":{"a":0,"k":0,"ix":4},"sa":{"a":0,"k":0,"ix":5},"nm":"Transform"}],"nm":"Shape 6","np":3,"cix":2,"bm":0,"ix":6,"mn":"ADBE Vector Group","hd":false},{"ty":"gr","it":[{"ind":0,"ty":"sh","ix":1,"ks":{"a":0,"k":{"i":[[0,0],[3.584,-10.07],[-7.102,0.968],[-4.035,3.712]],"o":[[0,0],[-3.39,9.523],[7.102,-0.968],[4.035,-3.712]],"v":[[56.316,6.389],[72.619,3],[64.548,27.695],[81.416,15.509]],"c":false},"ix":2},"nm":"Path 1","mn":"ADBE Vector Shape - Group","hd":false},{"ty":"st","c":{"a":0,"k":[1,0.204705960143,0.204705960143,1],"ix":3},"o":{"a":0,"k":100,"ix":4},"w":{"a":0,"k":8,"ix":5},"lc":2,"lj":2,"bm":0,"nm":"Stroke 1","mn":"ADBE Vector Graphic - Stroke","hd":false},{"ty":"tr","p":{"a":0,"k":[0,0],"ix":2},"a":{"a":0,"k":[0,0],"ix":1},"s":{"a":0,"k":[100,100],"ix":3},"r":{"a":0,"k":0,"ix":6},"o":{"a":0,"k":100,"ix":7},"sk":{"a":0,"k":0,"ix":4},"sa":{"a":0,"k":0,"ix":5},"nm":"Transform"}],"nm":"Shape 7","np":3,"cix":2,"bm":0,"ix":7,"mn":"ADBE Vector Group","hd":false},{"ty":"gr","it":[{"ind":0,"ty":"sh","ix":1,"ks":{"a":0,"k":{"i":[[12.267,-13.074],[-3.745,-0.832],[-6.174,10.458]],"o":[[-12.808,13.65],[7.264,1.614],[7.909,-13.397]],"v":[[89.406,5.421],[86.016,27.534],[105.547,14.298]],"c":true},"ix":2},"nm":"Path 1","mn":"ADBE Vector Shape - Group","hd":false},{"ty":"st","c":{"a":0,"k":[1,0.204705960143,0.204705960143,1],"ix":3},"o":{"a":0,"k":100,"ix":4},"w":{"a":0,"k":8,"ix":5},"lc":2,"lj":2,"bm":0,"nm":"Stroke 1","mn":"ADBE Vector Graphic - Stroke","hd":false},{"ty":"tr","p":{"a":0,"k":[0,0],"ix":2},"a":{"a":0,"k":[0,0],"ix":1},"s":{"a":0,"k":[100,100],"ix":3},"r":{"a":0,"k":0,"ix":6},"o":{"a":0,"k":100,"ix":7},"sk":{"a":0,"k":0,"ix":4},"sa":{"a":0,"k":0,"ix":5},"nm":"Transform"}],"nm":"Shape 8","np":3,"cix":2,"bm":0,"ix":8,"mn":"ADBE Vector Group","hd":false},{"ty":"gr","it":[{"ind":0,"ty":"sh","ix":1,"ks":{"a":0,"k":{"i":[[0,0],[11.944,-6.941],[-4.197,3.39],[-9.846,18.401]],"o":[[-20.176,26.471],[-8.034,4.669],[4.197,-3.39],[9.846,-18.401]],"v":[[114.101,-0.39],[83.918,49.163],[75.847,40.77],[120.396,14.621]],"c":false},"ix":2},"nm":"Path 1","mn":"ADBE Vector Shape - Group","hd":false},{"ty":"st","c":{"a":0,"k":[1,0.204705960143,0.204705960143,1],"ix":3},"o":{"a":0,"k":100,"ix":4},"w":{"a":0,"k":8,"ix":5},"lc":2,"lj":2,"bm":0,"nm":"Stroke 1","mn":"ADBE Vector Graphic - Stroke","hd":false},{"ty":"tr","p":{"a":0,"k":[0,0],"ix":2},"a":{"a":0,"k":[0,0],"ix":1},"s":{"a":0,"k":[100,100],"ix":3},"r":{"a":0,"k":0,"ix":6},"o":{"a":0,"k":100,"ix":7},"sk":{"a":0,"k":0,"ix":4},"sa":{"a":0,"k":0,"ix":5},"nm":"Transform"}],"nm":"Shape 9","np":3,"cix":2,"bm":0,"ix":9,"mn":"ADBE Vector Group","hd":false},{"ty":"tm","s":{"a":0,"k":0,"ix":1},"e":{"a":1,"k":[{"i":{"x":[0.4],"y":[1]},"o":{"x":[0.4],"y":[0]},"t":20,"s":[0]},{"t":201,"s":[100]}],"ix":2},"o":{"a":0,"k":0,"ix":3},"m":2,"ix":10,"nm":"Trim Paths 1","mn":"ADBE Vector Filter - Trim","hd":false}],"ip":0,"op":600,"st":0,"bm":0},{"ddd":0,"ind":8,"ty":5,"nm":"Phuong 3","tt":1,"sr":1,"ks":{"o":{"a":0,"k":100,"ix":11},"r":{"a":0,"k":0,"ix":10},"p":{"a":0,"k":[250,250,0],"ix":2},"a":{"a":0,"k":[122.337,-31.33,0],"ix":1},"s":{"a":0,"k":[154.884,154.884,100],"ix":6}},"ao":0,"t":{"d":{"k":[{"s":{"s":120,"f":"AmplifyPersonalUseOnly","t":"Dotes","j":0,"tr":0,"lh":144,"ls":0,"fc":[0.645,0.149,0.907]},"t":0}]},"p":{},"m":{"g":1,"a":{"a":0,"k":[0,0],"ix":2}},"a":[]},"ip":0,"op":600,"st":0,"bm":0}]}],"fonts":{"list":[{"fName":"AmplifyPersonalUseOnly","fFamily":"Amplify Personal Use Only","fStyle":"Regular","ascent":53.3796631731093}]},"layers":[{"ddd":0,"ind":1,"ty":0,"nm":"Pre-comp 1","refId":"comp_0","sr":1,"ks":{"o":{"a":0,"k":100,"ix":11},"r":{"a":0,"k":0,"ix":10},"p":{"a":0,"k":[600,600,0],"ix":2},"a":{"a":0,"k":[250,250,0],"ix":1},"s":{"a":0,"k":[100,100,100],"ix":6}},"ao":0,"w":500,"h":500,"ip":0,"op":600,"st":0,"bm":0}],"markers":[],"chars":[{"ch":"P","size":120,"style":"Regular","w":56,"data":{"shapes":[{"ty":"gr","it":[{"ind":0,"ty":"sh","ix":1,"ks":{"a":0,"k":{"i":[[1.6,1.067],[2,0.6],[0.266,0.667],[0.7,0.234],[0.866,-0.233],[0.6,-0.866],[0,0],[4.1,-0.5],[4.066,-1.733],[3.1,-2.6],[1.866,-2.9],[0.566,-2.9],[-0.934,-2.333],[-1.734,-1.433],[-2.234,-0.433],[-2.634,0.567],[-2.734,1.6],[1.466,-2.633],[1.533,-1.966],[1.666,-1.1],[1.866,0],[1.033,0.7],[0.366,1.034],[-0.2,1.134],[-0.667,0.834],[-1.067,0.367],[-1.334,-0.533],[-0.5,0.334],[-0.1,0.6],[0.366,0.667],[0.866,0.4],[1.633,0.1],[1.633,-0.633],[1.333,-1.5],[0.2,-2.866],[-0.634,-1.5],[-1.234,-1.1],[-1.7,-0.633],[-2,0],[-2.234,1.1],[-1.967,1.967],[-1.7,2.634],[-1.534,3.134],[-2.467,0.867],[-2.334,1.4],[-2.634,2.734],[-1.467,2.9],[-0.167,2.834],[1.333,2.334]],"o":[[-1.6,-1.066],[0.533,-0.866],[-0.267,-0.666],[-0.7,-0.233],[-0.867,0.234],[0,0],[-3.6,-0.533],[-4.1,0.5],[-4.2,1.8],[-3.1,2.6],[-1.867,2.9],[-0.567,2.9],[0.866,2.4],[1.733,1.434],[2.233,0.434],[2.633,-0.566],[-1.4,3],[-1.467,2.634],[-1.534,1.967],[-1.667,1.1],[-1.867,0],[-1.034,-0.7],[-0.367,-1.033],[0.2,-1.133],[0.666,-0.833],[1.066,-0.366],[0.8,0.334],[0.5,-0.333],[0.1,-0.6],[-0.367,-0.666],[-0.934,-0.333],[-1.634,-0.1],[-1.634,0.634],[-1.334,1.5],[-0.134,1.734],[0.633,1.5],[1.233,1.1],[1.7,0.634],[2.6,0],[2.233,-1.1],[1.966,-1.966],[1.7,-2.633],[2.4,-0.4],[2.466,-0.866],[3.6,-2.066],[2.633,-2.733],[1.466,-2.9],[0.166,-2.833],[-0.934,-1.533]],"v":[[64.8,-62.9],[59.4,-65.4],[59.8,-67.7],[58.35,-69.05],[56,-69.05],[53.8,-67.4],[53.6,-67.2],[42.05,-67.25],[29.8,-63.9],[18.85,-57.3],[11.4,-49.05],[7.75,-40.35],[8.3,-32.5],[12.2,-26.75],[18.15,-23.95],[25.45,-24.15],[33.5,-27.4],[29.2,-18.95],[24.7,-12.05],[19.9,-7.45],[14.6,-5.8],[10.25,-6.85],[8.15,-9.45],[7.9,-12.7],[9.2,-15.65],[11.8,-17.45],[15.4,-17.2],[17.35,-17.2],[18.25,-18.6],[17.85,-20.5],[16,-22.1],[12.15,-22.75],[7.25,-21.95],[2.8,-18.75],[0.5,-12.2],[1.25,-7.35],[4.05,-3.45],[8.45,-0.85],[14,0.1],[21.25,-1.55],[27.55,-6.15],[33.05,-13.05],[37.9,-21.7],[45.2,-23.6],[52.4,-27],[61.75,-34.2],[67.9,-42.65],[70.35,-51.25],[68.6,-59]],"c":true},"ix":2},"nm":"P","mn":"ADBE Vector Shape - Group","hd":false},{"ind":1,"ty":"sh","ix":2,"ks":{"a":0,"k":{"i":[[1.866,-1.5],[2,-0.933],[1.933,-0.266],[1.366,0.567],[0.633,1.6],[-0.667,2.734],[-2.7,2.834],[-3.467,1.734],[-3.634,0.667],[-2.8,-0.133],[1.766,-3.666],[1.666,-3.733]],"o":[[-1.867,1.5],[-2,0.934],[-1.934,0.267],[-1.367,-0.566],[-0.634,-1.6],[0.933,-4.133],[2.7,-2.833],[3.466,-1.733],[3.633,-0.666],[-2,3.267],[-1.767,3.667],[-1.2,1.8]],"v":[[34.7,-35.35],[28.9,-31.7],[23,-29.9],[18.05,-30.35],[15.05,-33.6],[15.1,-40.1],[20.55,-50.55],[29.8,-57.4],[40.45,-61],[50.1,-61.8],[44.45,-51.4],[39.3,-40.3]],"c":true},"ix":2},"nm":"P","mn":"ADBE Vector Shape - Group","hd":false},{"ind":2,"ty":"sh","ix":3,"ks":{"a":0,"k":{"i":[[-0.967,-0.633],[-0.534,-0.933],[0.3,-2.266],[1.266,-2.333],[2.1,-2.166],[2.6,-1.533],[2.266,-0.466],[-2.334,5.534],[-2.8,4.734]],"o":[[0.966,0.634],[1,1.667],[-0.3,2.267],[-1.267,2.334],[-2.1,2.167],[-2.267,1.334],[2.4,-5.333],[2.333,-5.533],[1.133,0.4]],"v":[[59.25,-58.75],[61.5,-56.4],[62.55,-50.5],[60.2,-43.6],[55.15,-36.85],[48.1,-31.3],[41.3,-28.6],[48.4,-44.9],[56.1,-60.3]],"c":true},"ix":2},"nm":"P","mn":"ADBE Vector Shape - Group","hd":false}],"nm":"P","np":6,"cix":2,"bm":0,"ix":1,"mn":"ADBE Vector Group","hd":false}]},"fFamily":"Amplify Personal Use Only"},{"ch":"h","size":120,"style":"Regular","w":27.5,"data":{"shapes":[{"ty":"gr","it":[{"ind":0,"ty":"sh","ix":1,"ks":{"a":0,"k":{"i":[[0.266,-0.666],[0,0],[-0.5,-0.833],[-0.9,-0.3],[-0.966,0.266],[-0.467,0.934],[0,0],[-1.067,0.834],[-1.067,0.734],[-0.5,0.234],[-0.334,0.067],[-0.1,-0.233],[0.4,-0.733],[0.366,-0.7],[0.433,-0.766],[0.4,-0.733],[0.266,-0.533],[0.5,-1.633],[-0.667,-1.333],[-0.734,-0.6],[-1.1,-0.034],[-1.434,0.6],[-1.8,1.6],[-0.867,0.934],[-0.734,0.867],[-0.6,0.767],[-0.334,0.4],[0.266,0.534],[0.6,0.3],[0.7,-0.033],[0.466,-0.6],[1.433,-1.466],[1.533,-1.133],[0.4,-0.233],[0.3,-0.066],[0.033,0.234],[-0.4,0.734],[-0.767,1.3],[-0.734,1.467],[-0.6,1.634],[0.666,1.334],[0.633,0.667],[0.933,0.134],[1.366,-0.533],[1.8,-1.6],[-1.1,2.534],[-0.934,2.034],[-0.6,1.4],[-0.2,0.4],[0.5,0.534],[0.833,0.2],[0.833,-0.166]],"o":[[0,0],[-0.6,1.267],[0.5,0.834],[0.9,0.3],[0.966,-0.267],[0,0],[0.933,-0.933],[1.066,-0.833],[0.333,-0.266],[0.5,-0.233],[0.333,-0.066],[0.1,0.234],[-0.334,0.467],[-0.367,0.7],[-0.434,0.767],[-0.4,0.734],[-1.134,2.134],[-0.5,1.634],[0.4,0.867],[0.733,0.6],[1.1,0.033],[1.433,-0.6],[0.933,-0.8],[0.866,-0.933],[0.733,-0.866],[0.6,-0.766],[0.466,-0.6],[-0.267,-0.533],[-0.6,-0.3],[-0.7,0.034],[-0.8,1.134],[-1.434,1.467],[-0.334,0.267],[-0.4,0.234],[-0.3,0.067],[-0.034,-0.233],[0.866,-1.4],[0.766,-1.3],[1.133,-2.066],[0.6,-1.633],[-0.4,-0.866],[-0.634,-0.666],[-0.934,-0.133],[-1.367,0.534],[1.2,-2.666],[1.1,-2.533],[0.933,-2.033],[0.6,-1.4],[0.333,-0.8],[-0.5,-0.533],[-0.834,-0.2],[-0.834,0.167]],"v":[[16.3,-50.9],[-5.3,-4.6],[-5.45,-1.45],[-3.35,0.25],[-0.55,0.3],[1.6,-1.5],[8.4,-16.7],[11.4,-19.35],[14.6,-21.7],[15.85,-22.45],[17.1,-22.9],[17.75,-22.65],[17.3,-21.2],[16.25,-19.45],[15.05,-17.25],[13.8,-15],[12.8,-13.1],[10.35,-7.45],[10.6,-3],[12.3,-0.8],[15.05,0.15],[18.85,-0.7],[23.7,-4],[26.4,-6.6],[28.8,-9.3],[30.8,-11.75],[32.2,-13.5],[32.5,-15.2],[31.2,-16.45],[29.25,-16.85],[27.5,-15.9],[24.15,-12],[19.7,-8.1],[18.6,-7.35],[17.55,-6.9],[17.05,-7.15],[17.6,-8.6],[20.05,-12.65],[22.3,-16.8],[24.9,-22.35],[24.8,-26.8],[23.25,-29.1],[20.9,-30.3],[17.45,-29.7],[12.7,-26.5],[16.15,-34.3],[19.2,-41.15],[21.5,-46.3],[22.7,-49],[22.45,-51],[20.45,-52.1],[17.95,-52.15]],"c":true},"ix":2},"nm":"h","mn":"ADBE Vector Shape - Group","hd":false}],"nm":"h","np":3,"cix":2,"bm":0,"ix":1,"mn":"ADBE Vector Group","hd":false}]},"fFamily":"Amplify Personal Use Only"},{"ch":"u","size":120,"style":"Regular","w":28.1,"data":{"shapes":[{"ty":"gr","it":[{"ind":0,"ty":"sh","ix":1,"ks":{"a":0,"k":{"i":[[0.666,-0.7],[1.133,-1.2],[0.633,-0.333],[0.433,-0.033],[0.1,0.3],[-0.4,0.734],[-0.767,1.434],[-0.867,1.634],[-0.834,1.567],[-0.534,1.067],[0.466,0.534],[0.833,0.1],[0.9,-0.366],[0.4,-0.8],[1,-1.866],[0.933,-1.666],[0.733,-0.933],[1.766,-1.3],[0.733,0.6],[-0.167,0.7],[-0.434,1],[-0.7,1.2],[-0.734,1.334],[-0.934,1.7],[-0.734,1.267],[0.366,0.634],[0.8,0.267],[0.9,-0.266],[0.6,-0.933],[0.633,-1.066],[0.7,-1.2],[0.666,-1.233],[0.6,-1],[-0.566,-2.766],[-3.4,0],[-0.9,0.2],[-0.667,0.334],[-0.567,0.367],[-0.534,0.334],[-0.734,-0.6],[-1.034,-0.067],[-1.4,0.6],[-1.867,1.6],[-0.867,0.934],[-0.734,0.867],[-0.567,0.767],[-0.334,0.4],[0.266,0.534],[0.6,0.3],[0.7,-0.033],[0.4,-0.6]],"o":[[-0.667,0.7],[-0.6,0.6],[-0.634,0.334],[-0.434,0.034],[-0.1,-0.3],[0.4,-0.666],[0.766,-1.433],[0.866,-1.633],[0.833,-1.566],[0.533,-0.933],[-0.467,-0.533],[-0.834,-0.1],[-0.9,0.367],[-1.067,2.067],[-0.867,1.6],[-0.934,1.667],[-2,2.6],[-1.767,1.3],[-0.334,-0.266],[0.166,-0.7],[0.433,-1],[0.7,-1.2],[0.733,-1.333],[0.933,-1.7],[0.466,-0.866],[-0.367,-0.633],[-0.8,-0.266],[-0.9,0.267],[-0.467,0.734],[-0.634,1.067],[-0.7,1.2],[-0.667,1.234],[-2.733,4.6],[0.567,2.767],[1.2,0],[0.9,-0.2],[0.666,-0.333],[0.566,-0.366],[0.533,0.8],[0.733,0.6],[1.033,0.066],[1.4,-0.6],[0.933,-0.8],[0.866,-0.933],[0.733,-0.866],[0.566,-0.766],[0.466,-0.6],[-0.267,-0.533],[-0.6,-0.3],[-0.7,0.034],[-0.867,1.134]],"v":[[25.8,-13.15],[23.1,-10.3],[21.25,-8.9],[19.65,-8.35],[18.85,-8.75],[19.3,-10.3],[21.05,-13.45],[23.5,-18.05],[26.05,-22.85],[28.1,-26.8],[28.2,-29],[26.25,-29.95],[23.65,-29.55],[21.7,-27.8],[18.6,-21.9],[15.9,-17],[13.4,-13.1],[7.75,-7.25],[4,-6.2],[3.75,-7.65],[4.65,-10.2],[6.35,-13.5],[8.5,-17.3],[11,-21.85],[13.5,-26.3],[13.65,-28.55],[11.9,-29.9],[9.35,-29.9],[7.1,-28.1],[5.45,-25.4],[3.45,-22],[1.4,-18.35],[-0.5,-15],[-3.75,-3.95],[2.2,0.2],[5.35,-0.1],[7.7,-0.9],[9.55,-1.95],[11.2,-3],[13.1,-0.9],[15.75,0.1],[19.4,-0.7],[24.3,-4],[27,-6.6],[29.4,-9.3],[31.35,-11.75],[32.7,-13.5],[33,-15.2],[31.7,-16.45],[29.75,-16.85],[28.1,-15.9]],"c":true},"ix":2},"nm":"u","mn":"ADBE Vector Shape - Group","hd":false}],"nm":"u","np":3,"cix":2,"bm":0,"ix":1,"mn":"ADBE Vector Group","hd":false}]},"fFamily":"Amplify Personal Use Only"},{"ch":"o","size":120,"style":"Regular","w":30.8,"data":{"shapes":[{"ty":"gr","it":[{"ind":0,"ty":"sh","ix":1,"ks":{"a":0,"k":{"i":[[1.3,-0.733],[1,0.067],[-0.2,0.467],[-0.2,0.534],[0,1.834],[0.633,1.367],[1.266,0.8],[1.8,0],[1.833,-0.8],[1.666,-1.366],[1.333,-1.833],[0.8,-2.066],[0,-1.833],[-0.633,-1.333],[-1.267,-0.8],[-1.734,0],[-2.367,1.267],[-1.934,2.134],[-1.567,0.3],[-1.4,0.767],[-1.034,1],[-0.534,0.8],[0.233,0.567],[0.566,0.267],[0.7,-0.033],[0.4,-0.6]],"o":[[-1.3,0.734],[0.266,-0.466],[0.2,-0.466],[0.733,-2.066],[0,-1.833],[-0.634,-1.366],[-1.267,-0.8],[-1.8,0],[-1.834,0.8],[-1.667,1.367],[-1.334,1.834],[-0.733,2.067],[0,1.834],[0.633,1.334],[1.266,0.8],[2.333,0],[2.366,-1.266],[1.466,0.6],[1.566,-0.3],[1.4,-0.766],[1.033,-1],[0.4,-0.6],[-0.234,-0.566],[-0.567,-0.266],[-0.7,0.034],[-0.934,1.134]],"v":[[27.45,-13.1],[24,-12.1],[24.7,-13.5],[25.3,-15],[26.4,-20.85],[25.45,-25.65],[22.6,-28.9],[18,-30.1],[12.55,-28.9],[7.3,-25.65],[2.8,-20.85],[-0.4,-15],[-1.5,-9.15],[-0.55,-4.4],[2.3,-1.2],[6.8,0],[13.85,-1.9],[20.3,-7],[24.85,-6.55],[29.3,-8.15],[32.95,-10.8],[35.3,-13.5],[35.55,-15.25],[34.35,-16.5],[32.45,-16.85],[30.8,-15.9]],"c":true},"ix":2},"nm":"o","mn":"ADBE Vector Shape - Group","hd":false},{"ind":1,"ty":"sh","ix":2,"ks":{"a":0,"k":{"i":[[0.733,-1.033],[0.9,-0.766],[0.966,-0.433],[0.866,0],[0.533,1.634],[-1,2.334],[-0.8,1],[-0.9,0.767],[-0.967,0.434],[-0.867,0],[-0.534,-1.633],[1.066,-2.333]],"o":[[-0.734,1.034],[-0.9,0.767],[-0.967,0.434],[-1.734,0],[-0.534,-1.633],[0.466,-1.2],[0.8,-1],[0.9,-0.766],[0.966,-0.433],[1.733,0],[0.533,1.634],[-0.534,1.134]],"v":[[17.1,-12.15],[14.65,-9.45],[11.85,-7.65],[9.1,-7],[5.7,-9.45],[6.4,-15.4],[8.3,-18.7],[10.85,-21.35],[13.65,-23.15],[16.4,-23.8],[19.8,-21.35],[19,-15.4]],"c":true},"ix":2},"nm":"o","mn":"ADBE Vector Shape - Group","hd":false}],"nm":"o","np":5,"cix":2,"bm":0,"ix":1,"mn":"ADBE Vector Group","hd":false}]},"fFamily":"Amplify Personal Use Only"},{"ch":"n","size":120,"style":"Regular","w":27.5,"data":{"shapes":[{"ty":"gr","it":[{"ind":0,"ty":"sh","ix":1,"ks":{"a":0,"k":{"i":[[1.033,-2.266],[1.1,-2.366],[1.034,-2.166],[0.6,-1.333],[-0.466,-0.833],[-0.9,-0.3],[-1,0.266],[-0.467,0.934],[-0.434,1],[-0.6,1.4],[-0.7,1.6],[-0.667,1.6],[-1.134,0.9],[-1.067,0.734],[-0.467,0.234],[-0.367,0.067],[-0.067,-0.233],[0.4,-0.733],[0.366,-0.7],[0.433,-0.766],[0.4,-0.733],[0.266,-0.533],[0.5,-1.633],[-0.667,-1.333],[-0.734,-0.6],[-1.1,-0.034],[-1.434,0.6],[-1.8,1.6],[-0.9,0.934],[-0.734,0.867],[-0.567,0.767],[-0.334,0.4],[0.266,0.534],[0.566,0.3],[0.7,-0.033],[0.4,-0.6],[1.433,-1.466],[1.466,-1.133],[0.4,-0.233],[0.3,-0.066],[0.033,0.234],[-0.4,0.734],[-0.8,1.3],[-0.734,1.467],[-0.567,1.634],[0.6,1.334],[0.633,0.667],[0.966,0.134],[1.333,-0.533],[1.866,-1.6],[0,0],[0,0],[0.533,0.534],[0.833,0.2],[0.866,-0.166],[0.266,-0.6]],"o":[[-1.034,2.267],[-1.1,2.367],[-1.033,2.167],[-0.6,1.267],[0.467,0.834],[0.9,0.3],[1,-0.267],[0.2,-0.4],[0.433,-1],[0.6,-1.4],[0.7,-1.6],[0.933,-0.933],[1.133,-0.9],[0.4,-0.266],[0.466,-0.233],[0.366,-0.066],[0.066,0.234],[-0.334,0.467],[-0.367,0.7],[-0.434,0.767],[-0.4,0.734],[-1.134,2.134],[-0.5,1.634],[0.4,0.867],[0.733,0.6],[1.1,0.033],[1.433,-0.6],[0.933,-0.8],[0.9,-0.933],[0.733,-0.866],[0.566,-0.766],[0.4,-0.6],[-0.267,-0.533],[-0.567,-0.3],[-0.7,0.034],[-0.867,1.134],[-1.434,1.467],[-0.334,0.267],[-0.4,0.234],[-0.3,0.067],[-0.034,-0.233],[0.8,-1.4],[0.8,-1.3],[1.133,-2.066],[0.566,-1.633],[-0.4,-0.866],[-0.634,-0.666],[-0.967,-0.133],[-1.334,0.534],[0,0],[0,0],[0.333,-0.8],[-0.534,-0.533],[-0.834,-0.2],[-0.867,0.167],[-0.734,1.6]],"v":[[3.55,-23.6],[0.35,-16.65],[-2.85,-9.85],[-5.3,-4.6],[-5.5,-1.45],[-3.45,0.25],[-0.6,0.3],[1.6,-1.5],[2.55,-3.6],[4.1,-7.2],[6.05,-11.7],[8.1,-16.5],[11.2,-19.25],[14.5,-21.7],[15.8,-22.45],[17.05,-22.9],[17.7,-22.65],[17.2,-21.2],[16.15,-19.45],[14.95,-17.25],[13.7,-15],[12.7,-13.1],[10.25,-7.45],[10.5,-3],[12.2,-0.8],[14.95,0.15],[18.75,-0.7],[23.6,-4],[26.35,-6.6],[28.8,-9.3],[30.75,-11.75],[32.1,-13.5],[32.3,-15.2],[31.05,-16.45],[29.15,-16.85],[27.5,-15.9],[24.05,-12],[19.7,-8.1],[18.6,-7.35],[17.55,-6.9],[17.05,-7.15],[17.6,-8.6],[20,-12.65],[22.3,-16.8],[24.85,-22.35],[24.8,-26.8],[23.25,-29.1],[20.85,-30.3],[17.4,-29.7],[12.6,-26.5],[12.2,-26.2],[12.8,-27.4],[12.5,-29.4],[10.45,-30.5],[7.9,-30.55],[6.2,-29.4]],"c":true},"ix":2},"nm":"n","mn":"ADBE Vector Shape - Group","hd":false}],"nm":"n","np":3,"cix":2,"bm":0,"ix":1,"mn":"ADBE Vector Group","hd":false}]},"fFamily":"Amplify Personal Use Only"},{"ch":"g","size":120,"style":"Regular","w":31.7,"data":{"shapes":[{"ty":"gr","it":[{"ind":0,"ty":"sh","ix":1,"ks":{"a":0,"k":{"i":[[0,0],[1.933,-0.567],[1.533,-0.7],[1.1,-1],[0.534,-1.734],[-1.3,-1.234],[-2.166,-0.067],[-2.467,1.3],[-1.667,3.133],[0,0],[-2.067,1],[-1.534,1.267],[-0.9,0.9],[-0.734,0.9],[-0.567,0.767],[-0.334,0.4],[0.266,0.534],[0.6,0.3],[0.7,-0.033],[0.466,-0.6],[0.633,-0.766],[1.266,-1.066],[2,-1.333],[0,0],[-0.767,1.434],[-0.867,1.6],[-0.834,1.567],[-0.534,1.067],[0.433,0.534],[0.833,0.1],[0.933,-0.366],[0.4,-0.8],[0.533,0.334],[0.633,0.234],[0.866,0],[1.7,-0.533],[1.8,-1.133],[1.766,-1.766],[1.266,-2.4],[0.2,-2.033],[-0.6,-1.466],[-1.267,-0.8],[-1.734,0],[-0.9,0.233],[-0.734,0.334]],"o":[[-2.2,0.866],[-1.934,0.566],[-1.533,0.7],[-1.1,1],[-0.666,2],[1.3,1.233],[2.166,0.066],[2.466,-1.3],[0,0],[2.2,-0.867],[2.066,-1],[0.933,-0.8],[0.9,-0.9],[0.733,-0.9],[0.566,-0.766],[0.466,-0.6],[-0.267,-0.533],[-0.6,-0.3],[-0.7,0.034],[-0.8,1.134],[-0.634,0.767],[-2.267,2.067],[0,0],[0.4,-0.733],[0.766,-1.433],[0.866,-1.6],[0.833,-1.566],[0.533,-0.933],[-0.434,-0.533],[-0.834,-0.1],[-0.934,0.367],[-0.467,-0.466],[-0.534,-0.333],[-0.634,-0.233],[-1.267,0],[-1.7,0.534],[-1.8,1.134],[-1.767,1.767],[-1.333,2.4],[-0.2,2.034],[0.6,1.467],[1.266,0.8],[1.266,0],[0.9,-0.233],[0,0]],"v":[[11.3,-0.5],[5.1,1.65],[-0.1,3.55],[-4.05,6.1],[-6.5,10.2],[-5.55,15.05],[-0.35,17],[6.6,15.15],[12.8,8.5],[16.1,2.2],[22.5,-0.6],[27.9,-4],[30.65,-6.55],[33.1,-9.25],[35.05,-11.75],[36.4,-13.5],[36.7,-15.2],[35.4,-16.45],[33.45,-16.85],[31.7,-15.9],[29.55,-13.05],[26.7,-10.3],[20.3,-5.2],[22.9,-10.3],[24.65,-13.55],[27.1,-18.1],[29.65,-22.85],[31.7,-26.8],[31.85,-29],[29.95,-29.95],[27.3,-29.55],[25.3,-27.8],[23.8,-29],[22.05,-29.85],[19.8,-30.2],[15.35,-29.4],[10.1,-26.9],[4.75,-22.55],[0.2,-16.3],[-2.1,-9.65],[-1.5,-4.4],[1.3,-1],[5.8,0.2],[9.05,-0.15],[11.5,-1]],"c":true},"ix":2},"nm":"g","mn":"ADBE Vector Shape - Group","hd":false},{"ind":1,"ty":"sh","ix":2,"ks":{"a":0,"k":{"i":[[1.033,-1],[1,-0.6],[0.833,-0.133],[0.466,0.4],[0.1,0.834],[-0.3,1.1],[-0.667,1.267],[-1,1.334],[-1.034,1],[-0.967,0.6],[-0.834,0.167],[-0.534,-0.4],[-0.067,-0.833],[0.3,-1.1],[0.633,-1.3],[1,-1.266]],"o":[[-1.034,1],[-1,0.6],[-0.834,0.134],[-0.534,-0.4],[-0.1,-0.833],[0.3,-1.1],[0.666,-1.266],[1,-1.266],[1.033,-1],[0.966,-0.6],[0.833,-0.166],[0.533,0.4],[0.066,0.834],[-0.3,1.1],[-0.634,1.3],[-1,1.334]],"v":[[13.95,-9.6],[10.9,-7.2],[8.15,-6.1],[6.2,-6.5],[5.25,-8.35],[5.55,-11.25],[7,-14.8],[9.5,-18.7],[12.55,-22.1],[15.55,-24.5],[18.25,-25.65],[20.3,-25.3],[21.2,-23.45],[20.85,-20.55],[19.45,-16.95],[17,-13.1]],"c":true},"ix":2},"nm":"g","mn":"ADBE Vector Shape - Group","hd":false},{"ind":2,"ty":"sh","ix":3,"ks":{"a":0,"k":{"i":[[0,0],[0.9,-0.667],[0.733,-0.167],[0.466,0.233],[-0.133,0.533],[-1.567,0.8],[-2.334,0.933]],"o":[[-0.8,1.333],[-0.9,0.666],[-0.734,0.166],[-0.466,-0.234],[0.2,-0.8],[1.566,-0.8],[0,0]],"v":[[6.5,7.4],[3.95,10.4],[1.5,11.65],[-0.3,11.55],[-0.8,10.4],[1.85,8],[7.7,5.4]],"c":true},"ix":2},"nm":"g","mn":"ADBE Vector Shape - Group","hd":false}],"nm":"g","np":6,"cix":2,"bm":0,"ix":1,"mn":"ADBE Vector Group","hd":false}]},"fFamily":"Amplify Personal Use Only"}]}